dataset,algorithm,k,m,alpha,sim_top_100,sim_top_1000,sim_top_10000,sim_all
Homo_sapiens,NodeSketch,2,8,0.3,0.33,0.197,0.0921,0.0727
Homo_sapiens,NodeSketch,2,16,0.3,0.44,0.112,0.1119,0.1122
Homo_sapiens,NodeSketch,2,32,0.3,0.36,0.262,0.1946,0.1467
Homo_sapiens,NodeSketch,2,64,0.3,0.38,0.214,0.1759,0.1343
Homo_sapiens,NodeSketch,2,128,0.3,0.34,0.273,0.1939,0.1406
Homo_sapiens,NodeSketch,2,256,0.3,0.37,0.325,0.2211,0.158
baralb_10000_16,NodeSketch,2,8,0.3,0.17,0.079,0.064,0.039
baralb_10000_16,NodeSketch,2,16,0.3,0.28,0.137,0.0761,0.0454
baralb_10000_16,NodeSketch,2,32,0.3,0.23,0.177,0.1019,0.0562
baralb_10000_16,NodeSketch,2,64,0.3,0.17,0.179,0.1179,0.0664
baralb_10000_16,NodeSketch,2,128,0.3,0.34,0.226,0.152,0.0729
baralb_10000_16,NodeSketch,2,256,0.3,0.39,0.247,0.1589,0.0836
baralb_10000_2,NodeSketch,2,8,0.3,0.6,0.358,0.2043,0.1473
baralb_10000_2,NodeSketch,2,16,0.3,0.64,0.455,0.26,0.2177
baralb_10000_2,NodeSketch,2,32,0.3,0.38,0.261,0.1686,0.1401
baralb_10000_2,NodeSketch,2,64,0.3,0.57,0.304,0.2148,0.1757
baralb_10000_2,NodeSketch,2,128,0.3,0.65,0.35,0.2273,0.1889
baralb_10000_2,NodeSketch,2,256,0.3,0.62,0.359,0.2341,0.1987
baralb_10000_8,NodeSketch,2,8,0.3,0.14,0.125,0.0952,0.0762
baralb_10000_8,NodeSketch,2,16,0.3,0.46,0.274,0.1572,0.0831
baralb_10000_8,NodeSketch,2,32,0.3,0.44,0.273,0.1338,0.0774
baralb_10000_8,NodeSketch,2,64,0.3,0.52,0.376,0.2269,0.1203
baralb_10000_8,NodeSketch,2,128,0.3,0.41,0.301,0.1935,0.1133
baralb_10000_8,NodeSketch,2,256,0.3,0.48,0.354,0.2048,0.118
baralb_1000_16,NodeSketch,2,8,0.3,0.25,0.138,0.0918,0.0914
baralb_1000_16,NodeSketch,2,16,0.3,0.26,0.174,0.1247,0.1138
baralb_1000_16,NodeSketch,2,32,0.3,0.43,0.244,0.1532,0.1404
baralb_1000_16,NodeSketch,2,64,0.3,0.37,0.27,0.1744,0.1557
baralb_1000_16,NodeSketch,2,128,0.3,0.36,0.277,0.1769,0.1584
baralb_1000_16,NodeSketch,2,256,0.3,0.45,0.276,0.1779,0.1632
baralb_1000_2,NodeSketch,2,8,0.3,0.53,0.283,0.047,0.2354
baralb_1000_2,NodeSketch,2,16,0.3,0.51,0.272,0.0411,0.2058
baralb_1000_2,NodeSketch,2,32,0.3,0.55,0.27,0.0437,0.2188
baralb_1000_2,NodeSketch,2,64,0.3,0.59,0.319,0.0485,0.2429
baralb_1000_2,NodeSketch,2,128,0.3,0.55,0.308,0.0491,0.2459
baralb_1000_2,NodeSketch,2,256,0.3,0.58,0.336,0.0506,0.2534
baralb_1000_8,NodeSketch,2,8,0.3,0.12,0.171,0.0841,0.1059
baralb_1000_8,NodeSketch,2,16,0.3,0.24,0.152,0.109,0.1372
baralb_1000_8,NodeSketch,2,32,0.3,0.28,0.201,0.1001,0.126
baralb_1000_8,NodeSketch,2,64,0.3,0.36,0.232,0.1307,0.1645
baralb_1000_8,NodeSketch,2,128,0.3,0.34,0.241,0.1265,0.1592
baralb_1000_8,NodeSketch,2,256,0.3,0.34,0.217,0.1134,0.1427
baralb_2500_16,NodeSketch,2,8,0.3,0.16,0.147,0.0884,0.0652
baralb_2500_16,NodeSketch,2,16,0.3,0.2,0.186,0.1218,0.0787
baralb_2500_16,NodeSketch,2,32,0.3,0.24,0.188,0.1223,0.0964
baralb_2500_16,NodeSketch,2,64,0.3,0.29,0.2,0.1385,0.104
baralb_2500_16,NodeSketch,2,128,0.3,0.28,0.2,0.1431,0.1074
baralb_2500_16,NodeSketch,2,256,0.3,0.29,0.227,0.1486,0.114
baralb_2500_2,NodeSketch,2,8,0.3,0.61,0.251,0.0986,0.1973
baralb_2500_2,NodeSketch,2,16,0.3,0.51,0.313,0.1064,0.2129
baralb_2500_2,NodeSketch,2,32,0.3,0.48,0.329,0.1058,0.2117
baralb_2500_2,NodeSketch,2,64,0.3,0.61,0.366,0.1123,0.2247
baralb_2500_2,NodeSketch,2,128,0.3,0.61,0.39,0.1235,0.2471
baralb_2500_2,NodeSketch,2,256,0.3,0.64,0.371,0.1216,0.2433
baralb_2500_8,NodeSketch,2,8,0.3,0.21,0.181,0.0856,0.0761
baralb_2500_8,NodeSketch,2,16,0.3,0.37,0.238,0.1262,0.1075
baralb_2500_8,NodeSketch,2,32,0.3,0.3,0.246,0.1399,0.1157
baralb_2500_8,NodeSketch,2,64,0.3,0.36,0.237,0.1394,0.1153
baralb_2500_8,NodeSketch,2,128,0.3,0.44,0.282,0.1642,0.1355
baralb_2500_8,NodeSketch,2,256,0.3,0.41,0.272,0.1661,0.1388
baralb_5000_16,NodeSketch,2,8,0.3,0.11,0.127,0.0656,0.0423
baralb_5000_16,NodeSketch,2,16,0.3,0.11,0.09,0.0699,0.0525
baralb_5000_16,NodeSketch,2,32,0.3,0.24,0.168,0.1057,0.0626
baralb_5000_16,NodeSketch,2,64,0.3,0.22,0.17,0.1227,0.0746
baralb_5000_16,NodeSketch,2,128,0.3,0.32,0.183,0.1266,0.0857
baralb_5000_16,NodeSketch,2,256,0.3,0.26,0.206,0.1295,0.0872
baralb_5000_2,NodeSketch,2,8,0.3,0.15,0.131,0.1135,0.1135
baralb_5000_2,NodeSketch,2,16,0.3,0.44,0.351,0.1846,0.1847
baralb_5000_2,NodeSketch,2,32,0.3,0.61,0.356,0.1998,0.1999
baralb_5000_2,NodeSketch,2,64,0.3,0.58,0.406,0.2183,0.2184
baralb_5000_2,NodeSketch,2,128,0.3,0.5,0.337,0.2028,0.2029
baralb_5000_2,NodeSketch,2,256,0.3,0.62,0.385,0.2212,0.2213
baralb_5000_8,NodeSketch,2,8,0.3,0.22,0.157,0.0669,0.0639
baralb_5000_8,NodeSketch,2,16,0.3,0.26,0.19,0.1023,0.065
baralb_5000_8,NodeSketch,2,32,0.3,0.23,0.203,0.1286,0.0987
baralb_5000_8,NodeSketch,2,64,0.3,0.41,0.258,0.133,0.1002
baralb_5000_8,NodeSketch,2,128,0.3,0.27,0.19,0.1621,0.1123
baralb_5000_8,NodeSketch,2,256,0.3,0.39,0.301,0.1827,0.1245
bin_10000_0005,NodeSketch,2,8,0.3,0.94,0.82,0.48,0.3436
bin_10000_0005,NodeSketch,2,16,0.3,0.9,0.742,0.5381,0.4081
bin_10000_0005,NodeSketch,2,32,0.3,0.91,0.819,0.5949,0.453
bin_10000_0005,NodeSketch,2,64,0.3,0.94,0.82,0.5867,0.4507
bin_10000_0005,NodeSketch,2,128,0.3,0.93,0.825,0.6261,0.4853
bin_10000_0005,NodeSketch,2,256,0.3,0.95,0.82,0.6309,0.4926
bin_10000_001,NodeSketch,2,8,0.3,0.74,0.575,0.3525,0.2227
bin_10000_001,NodeSketch,2,16,0.3,0.77,0.432,0.3144,0.2362
bin_10000_001,NodeSketch,2,32,0.3,0.9,0.704,0.4548,0.2927
bin_10000_001,NodeSketch,2,64,0.3,0.86,0.677,0.4674,0.3112
bin_10000_001,NodeSketch,2,128,0.3,0.95,0.763,0.5158,0.336
bin_10000_001,NodeSketch,2,256,0.3,0.86,0.754,0.5264,0.343
bin_10000_005,NodeSketch,2,8,0.3,0.12,0.118,0.0848,0.0472
bin_10000_005,NodeSketch,2,16,0.3,0.3,0.185,0.0943,0.0575
bin_10000_005,NodeSketch,2,32,0.3,0.33,0.257,0.1787,0.0754
bin_10000_005,NodeSketch,2,64,0.3,0.26,0.248,0.1705,0.0886
bin_10000_005,NodeSketch,2,128,0.3,0.31,0.256,0.1815,0.1031
bin_10000_005,NodeSketch,2,256,0.3,0.4,0.325,0.2316,0.1189
bin_10000_01,NodeSketch,2,8,0.3,0.08,0.088,0.0653,0.0301
bin_10000_01,NodeSketch,2,16,0.3,0.14,0.108,0.0713,0.0376
bin_10000_01,NodeSketch,2,32,0.3,0.09,0.101,0.0693,0.0411
bin_10000_01,NodeSketch,2,64,0.3,0.11,0.089,0.0767,0.0491
bin_10000_01,NodeSketch,2,128,0.3,0.16,0.143,0.1158,0.0624
bin_10000_01,NodeSketch,2,256,0.3,0.18,0.155,0.1217,0.0714
bin_1000_0005,NodeSketch,2,8,0.3,0.99,0.229,0.0229,0.874
bin_1000_0005,NodeSketch,2,16,0.3,1.0,0.226,0.0226,0.8626
bin_1000_0005,NodeSketch,2,32,0.3,1.0,0.229,0.0229,0.874
bin_1000_0005,NodeSketch,2,64,0.3,1.0,0.232,0.0232,0.8855
bin_1000_0005,NodeSketch,2,128,0.3,1.0,0.233,0.0233,0.8893
bin_1000_0005,NodeSketch,2,256,0.3,1.0,0.232,0.0232,0.8855
bin_1000_001,NodeSketch,2,8,0.3,1.0,0.369,0.0369,0.7235
bin_1000_001,NodeSketch,2,16,0.3,1.0,0.393,0.0393,0.7706
bin_1000_001,NodeSketch,2,32,0.3,1.0,0.401,0.0401,0.7863
bin_1000_001,NodeSketch,2,64,0.3,1.0,0.409,0.0409,0.802
bin_1000_001,NodeSketch,2,128,0.3,1.0,0.407,0.0407,0.798
bin_1000_001,NodeSketch,2,256,0.3,1.0,0.41,0.041,0.8039
bin_1000_005,NodeSketch,2,8,0.3,0.77,0.499,0.0916,0.3739
bin_1000_005,NodeSketch,2,16,0.3,0.77,0.541,0.0996,0.4065
bin_1000_005,NodeSketch,2,32,0.3,0.78,0.537,0.1032,0.4212
bin_1000_005,NodeSketch,2,64,0.3,0.81,0.653,0.1194,0.4873
bin_1000_005,NodeSketch,2,128,0.3,0.87,0.636,0.1195,0.4878
bin_1000_005,NodeSketch,2,256,0.3,0.82,0.631,0.1191,0.4861
bin_1000_01,NodeSketch,2,8,0.3,0.5,0.234,0.1041,0.2076
bin_1000_01,NodeSketch,2,16,0.3,0.47,0.34,0.1167,0.2327
bin_1000_01,NodeSketch,2,32,0.3,0.57,0.391,0.1472,0.2936
bin_1000_01,NodeSketch,2,64,0.3,0.73,0.487,0.161,0.3211
bin_1000_01,NodeSketch,2,128,0.3,0.75,0.525,0.1672,0.3335
bin_1000_01,NodeSketch,2,256,0.3,0.68,0.464,0.1692,0.3375
bin_2500_0005,NodeSketch,2,8,0.3,0.99,0.831,0.1093,0.7282
bin_2500_0005,NodeSketch,2,16,0.3,1.0,0.866,0.114,0.7595
bin_2500_0005,NodeSketch,2,32,0.3,1.0,0.866,0.1161,0.7735
bin_2500_0005,NodeSketch,2,64,0.3,1.0,0.884,0.1169,0.7788
bin_2500_0005,NodeSketch,2,128,0.3,1.0,0.88,0.1186,0.7901
bin_2500_0005,NodeSketch,2,256,0.3,1.0,0.873,0.1162,0.7742
bin_2500_001,NodeSketch,2,8,0.3,0.93,0.719,0.1648,0.532
bin_2500_001,NodeSketch,2,16,0.3,0.98,0.81,0.1777,0.5736
bin_2500_001,NodeSketch,2,32,0.3,0.96,0.807,0.1888,0.6094
bin_2500_001,NodeSketch,2,64,0.3,0.97,0.817,0.1916,0.6185
bin_2500_001,NodeSketch,2,128,0.3,0.97,0.822,0.1955,0.6311
bin_2500_001,NodeSketch,2,256,0.3,0.98,0.833,0.198,0.6391
bin_2500_005,NodeSketch,2,8,0.3,0.53,0.269,0.1664,0.1636
bin_2500_005,NodeSketch,2,16,0.3,0.57,0.428,0.2493,0.2186
bin_2500_005,NodeSketch,2,32,0.3,0.54,0.465,0.2798,0.2482
bin_2500_005,NodeSketch,2,64,0.3,0.53,0.417,0.2827,0.2551
bin_2500_005,NodeSketch,2,128,0.3,0.58,0.54,0.329,0.2902
bin_2500_005,NodeSketch,2,256,0.3,0.67,0.544,0.3442,0.2981
bin_2500_01,NodeSketch,2,8,0.3,0.24,0.212,0.1415,0.0923
bin_2500_01,NodeSketch,2,16,0.3,0.22,0.165,0.1352,0.1121
bin_2500_01,NodeSketch,2,32,0.3,0.47,0.31,0.1964,0.1459
bin_2500_01,NodeSketch,2,64,0.3,0.44,0.341,0.2241,0.1705
bin_2500_01,NodeSketch,2,128,0.3,0.5,0.358,0.2456,0.1855
bin_2500_01,NodeSketch,2,256,0.3,0.59,0.352,0.2433,0.1933
bin_5000_0005,NodeSketch,2,8,0.3,0.97,0.845,0.3374,0.5336
bin_5000_0005,NodeSketch,2,16,0.3,0.98,0.854,0.3727,0.5894
bin_5000_0005,NodeSketch,2,32,0.3,0.98,0.825,0.3692,0.5839
bin_5000_0005,NodeSketch,2,64,0.3,1.0,0.86,0.3911,0.6185
bin_5000_0005,NodeSketch,2,128,0.3,0.99,0.849,0.3962,0.6266
bin_5000_0005,NodeSketch,2,256,0.3,1.0,0.854,0.3998,0.6323
bin_5000_001,NodeSketch,2,8,0.3,0.69,0.554,0.3919,0.3778
bin_5000_001,NodeSketch,2,16,0.3,0.9,0.719,0.4438,0.4115
bin_5000_001,NodeSketch,2,32,0.3,0.94,0.752,0.4843,0.446
bin_5000_001,NodeSketch,2,64,0.3,0.93,0.772,0.5061,0.4676
bin_5000_001,NodeSketch,2,128,0.3,0.91,0.778,0.5135,0.4774
bin_5000_001,NodeSketch,2,256,0.3,0.94,0.79,0.5241,0.488
bin_5000_005,NodeSketch,2,8,0.3,0.43,0.279,0.126,0.0893
bin_5000_005,NodeSketch,2,16,0.3,0.38,0.266,0.1527,0.1007
bin_5000_005,NodeSketch,2,32,0.3,0.46,0.317,0.2276,0.1457
bin_5000_005,NodeSketch,2,64,0.3,0.62,0.402,0.2748,0.1747
bin_5000_005,NodeSketch,2,128,0.3,0.49,0.406,0.2878,0.1841
bin_5000_005,NodeSketch,2,256,0.3,0.53,0.428,0.3061,0.2016
bin_5000_01,NodeSketch,2,8,0.3,0.13,0.105,0.1001,0.0538
bin_5000_01,NodeSketch,2,16,0.3,0.21,0.155,0.1103,0.0712
bin_5000_01,NodeSketch,2,32,0.3,0.23,0.18,0.1295,0.079
bin_5000_01,NodeSketch,2,64,0.3,0.26,0.209,0.1634,0.1025
bin_5000_01,NodeSketch,2,128,0.3,0.39,0.262,0.187,0.1142
bin_5000_01,NodeSketch,2,256,0.3,0.31,0.26,0.1937,0.122
block_1000_2,NodeSketch,2,8,0.3,0.44,0.513,0.5221,0.5066
block_1000_2,NodeSketch,2,16,0.3,0.63,0.524,0.5248,0.5091
block_1000_2,NodeSketch,2,32,0.3,0.5,0.52,0.5273,0.5113
block_1000_2,NodeSketch,2,64,0.3,0.58,0.55,0.5259,0.5171
block_1000_2,NodeSketch,2,128,0.3,0.52,0.549,0.5513,0.5212
block_1000_2,NodeSketch,2,256,0.3,0.6,0.603,0.5753,0.5272
block_1000_4,NodeSketch,2,8,0.3,0.48,0.518,0.5326,0.5148
block_1000_4,NodeSketch,2,16,0.3,0.48,0.521,0.531,0.5177
block_1000_4,NodeSketch,2,32,0.3,0.62,0.594,0.5589,0.5233
block_1000_4,NodeSketch,2,64,0.3,0.73,0.631,0.571,0.5289
block_1000_4,NodeSketch,2,128,0.3,0.74,0.63,0.59,0.5365
block_1000_4,NodeSketch,2,256,0.3,0.67,0.666,0.599,0.5417
block_1000_8,NodeSketch,2,8,0.3,0.55,0.566,0.543,0.5248
block_1000_8,NodeSketch,2,16,0.3,0.58,0.603,0.5653,0.5336
block_1000_8,NodeSketch,2,32,0.3,0.63,0.611,0.582,0.5431
block_1000_8,NodeSketch,2,64,0.3,0.73,0.65,0.5881,0.5513
block_1000_8,NodeSketch,2,128,0.3,0.72,0.666,0.6009,0.5536
block_1000_8,NodeSketch,2,256,0.3,0.84,0.687,0.61,0.5603
block_2500_2,NodeSketch,2,8,0.3,0.53,0.498,0.4958,0.5031
block_2500_2,NodeSketch,2,16,0.3,0.49,0.518,0.5106,0.5037
block_2500_2,NodeSketch,2,32,0.3,0.54,0.548,0.5242,0.5053
block_2500_2,NodeSketch,2,64,0.3,0.6,0.534,0.5298,0.5069
block_2500_2,NodeSketch,2,128,0.3,0.55,0.528,0.5346,0.5094
block_2500_2,NodeSketch,2,256,0.3,0.56,0.559,0.537,0.5134
block_2500_4,NodeSketch,2,8,0.3,0.51,0.497,0.5167,0.5041
block_2500_4,NodeSketch,2,16,0.3,0.55,0.57,0.532,0.5061
block_2500_4,NodeSketch,2,32,0.3,0.51,0.544,0.54,0.5091
block_2500_4,NodeSketch,2,64,0.3,0.63,0.54,0.5337,0.5125
block_2500_4,NodeSketch,2,128,0.3,0.54,0.569,0.5511,0.5165
block_2500_4,NodeSketch,2,256,0.3,0.6,0.608,0.5659,0.5213
block_2500_8,NodeSketch,2,8,0.3,0.53,0.554,0.5285,0.5106
block_2500_8,NodeSketch,2,16,0.3,0.58,0.563,0.5461,0.5119
block_2500_8,NodeSketch,2,32,0.3,0.52,0.568,0.5545,0.5183
block_2500_8,NodeSketch,2,64,0.3,0.65,0.618,0.5757,0.5229
block_2500_8,NodeSketch,2,128,0.3,0.65,0.591,0.587,0.5283
block_2500_8,NodeSketch,2,256,0.3,0.72,0.658,0.6079,0.5331
block_5000_2,NodeSketch,2,8,0.3,0.5,0.513,0.5097,0.5013
block_5000_2,NodeSketch,2,16,0.3,0.52,0.492,0.5056,0.502
block_5000_2,NodeSketch,2,32,0.3,0.55,0.531,0.5138,0.5024
block_5000_2,NodeSketch,2,64,0.3,0.49,0.49,0.5102,0.5032
block_5000_2,NodeSketch,2,128,0.3,0.46,0.509,0.507,0.5045
block_5000_2,NodeSketch,2,256,0.3,0.59,0.552,0.5229,0.5067
block_5000_4,NodeSketch,2,8,0.3,0.51,0.499,0.4987,0.5026
block_5000_4,NodeSketch,2,16,0.3,0.53,0.523,0.5164,0.5039
block_5000_4,NodeSketch,2,32,0.3,0.52,0.527,0.5185,0.5054
block_5000_4,NodeSketch,2,64,0.3,0.64,0.519,0.5227,0.5066
block_5000_4,NodeSketch,2,128,0.3,0.62,0.556,0.5336,0.5096
block_5000_4,NodeSketch,2,256,0.3,0.6,0.583,0.5463,0.5127
block_5000_8,NodeSketch,2,8,0.3,0.58,0.549,0.5121,0.5052
block_5000_8,NodeSketch,2,16,0.3,0.61,0.544,0.5286,0.5065
block_5000_8,NodeSketch,2,32,0.3,0.55,0.521,0.5315,0.5093
block_5000_8,NodeSketch,2,64,0.3,0.62,0.569,0.5434,0.512
block_5000_8,NodeSketch,2,128,0.3,0.53,0.576,0.5546,0.5161
block_5000_8,NodeSketch,2,256,0.3,0.55,0.606,0.5766,0.5203
blogcatalog,NodeSketch,2,8,0.3,0.04,0.031,0.0298,0.0277
blogcatalog,NodeSketch,2,16,0.3,0.03,0.023,0.0276,0.0292
blogcatalog,NodeSketch,2,32,0.3,0.02,0.009,0.0224,0.034
blogcatalog,NodeSketch,2,64,0.3,0.03,0.016,0.0224,0.0312
blogcatalog,NodeSketch,2,128,0.3,0.03,0.01,0.0185,0.0466
blogcatalog,NodeSketch,2,256,0.3,0.02,0.018,0.0257,0.0406
dblp,NodeSketch,2,8,0.3,1.0,0.996,0.8975,0.5495
dblp,NodeSketch,2,16,0.3,1.0,1.0,0.9381,0.5892
dblp,NodeSketch,2,32,0.3,1.0,1.0,0.9264,0.5974
dblp,NodeSketch,2,64,0.3,1.0,1.0,0.9333,0.589
dblp,NodeSketch,2,128,0.3,1.0,1.0,0.9389,0.6017
dblp,NodeSketch,2,256,0.3,1.0,1.0,0.9415,0.6051
weighted_10000_0005,NodeSketch,2,8,0.3,0.0,0.0,0.0019,0.0108
weighted_10000_0005,NodeSketch,2,16,0.3,0.0,0.0,0.0001,0.0007
weighted_10000_0005,NodeSketch,2,32,0.3,0.0,0.0,0.0,0.0014
weighted_10000_0005,NodeSketch,2,64,0.3,0.0,0.0,0.0001,0.0003
weighted_10000_0005,NodeSketch,2,128,0.3,0.0,0.0,0.0,0.0004
weighted_10000_0005,NodeSketch,2,256,0.3,0.0,0.0,0.0002,0.0005
weighted_10000_001,NodeSketch,2,8,0.3,0.0,0.003,0.0017,0.0075
weighted_10000_001,NodeSketch,2,16,0.3,0.0,0.0,0.001,0.002
weighted_10000_001,NodeSketch,2,32,0.3,0.0,0.0,0.0012,0.0011
weighted_10000_001,NodeSketch,2,64,0.3,0.0,0.002,0.0009,0.0009
weighted_10000_001,NodeSketch,2,128,0.3,0.0,0.001,0.0011,0.0009
weighted_10000_001,NodeSketch,2,256,0.3,0.0,0.001,0.0012,0.0008
weighted_10000_005,NodeSketch,2,8,0.3,0.0,0.004,0.0044,0.0069
weighted_10000_005,NodeSketch,2,16,0.3,0.0,0.007,0.0053,0.0054
weighted_10000_005,NodeSketch,2,32,0.3,0.01,0.009,0.0058,0.0053
weighted_10000_005,NodeSketch,2,64,0.3,0.0,0.002,0.0043,0.0054
weighted_10000_005,NodeSketch,2,128,0.3,0.0,0.003,0.0051,0.0051
weighted_10000_005,NodeSketch,2,256,0.3,0.0,0.005,0.0044,0.005
weighted_10000_01,NodeSketch,2,8,0.3,0.02,0.012,0.0114,0.0104
weighted_10000_01,NodeSketch,2,16,0.3,0.02,0.012,0.0107,0.0105
weighted_10000_01,NodeSketch,2,32,0.3,0.0,0.012,0.01,0.0107
weighted_10000_01,NodeSketch,2,64,0.3,0.01,0.01,0.01,0.0102
weighted_10000_01,NodeSketch,2,128,0.3,0.01,0.007,0.0092,0.0103
weighted_10000_01,NodeSketch,2,256,0.3,0.0,0.004,0.0103,0.0106
weighted_1000_0005,NodeSketch,2,8,0.3,0.06,0.072,0.0072,0.3051
weighted_1000_0005,NodeSketch,2,16,0.3,0.09,0.105,0.0105,0.4449
weighted_1000_0005,NodeSketch,2,32,0.3,0.07,0.122,0.0122,0.5169
weighted_1000_0005,NodeSketch,2,64,0.3,0.05,0.121,0.0121,0.5127
weighted_1000_0005,NodeSketch,2,128,0.3,0.06,0.12,0.012,0.5085
weighted_1000_0005,NodeSketch,2,256,0.3,0.06,0.12,0.012,0.5085
weighted_1000_001,NodeSketch,2,8,0.3,0.02,0.118,0.0118,0.2443
weighted_1000_001,NodeSketch,2,16,0.3,0.02,0.105,0.0105,0.2174
weighted_1000_001,NodeSketch,2,32,0.3,0.02,0.095,0.0095,0.1967
weighted_1000_001,NodeSketch,2,64,0.3,0.02,0.085,0.0085,0.176
weighted_1000_001,NodeSketch,2,128,0.3,0.02,0.077,0.0077,0.1594
weighted_1000_001,NodeSketch,2,256,0.3,0.02,0.076,0.0076,0.1573
weighted_1000_005,NodeSketch,2,8,0.3,0.0,0.003,0.0046,0.018
weighted_1000_005,NodeSketch,2,16,0.3,0.01,0.004,0.0017,0.0067
weighted_1000_005,NodeSketch,2,32,0.3,0.0,0.002,0.0007,0.0027
weighted_1000_005,NodeSketch,2,64,0.3,0.0,0.003,0.0005,0.002
weighted_1000_005,NodeSketch,2,128,0.3,0.0,0.001,0.0005,0.002
weighted_1000_005,NodeSketch,2,256,0.3,0.0,0.002,0.0006,0.0024
weighted_1000_01,NodeSketch,2,8,0.3,0.01,0.009,0.0054,0.0107
weighted_1000_01,NodeSketch,2,16,0.3,0.0,0.004,0.0059,0.0117
weighted_1000_01,NodeSketch,2,32,0.3,0.0,0.008,0.0044,0.0087
weighted_1000_01,NodeSketch,2,64,0.3,0.0,0.005,0.0038,0.0076
weighted_1000_01,NodeSketch,2,128,0.3,0.0,0.006,0.0042,0.0083
weighted_1000_01,NodeSketch,2,256,0.3,0.0,0.007,0.0042,0.0083
weighted_2500_0005,NodeSketch,2,8,0.3,0.02,0.024,0.0203,0.1314
weighted_2500_0005,NodeSketch,2,16,0.3,0.01,0.014,0.0143,0.0926
weighted_2500_0005,NodeSketch,2,32,0.3,0.01,0.01,0.0063,0.0408
weighted_2500_0005,NodeSketch,2,64,0.3,0.01,0.007,0.0061,0.0395
weighted_2500_0005,NodeSketch,2,128,0.3,0.01,0.007,0.0043,0.0278
weighted_2500_0005,NodeSketch,2,256,0.3,0.01,0.007,0.004,0.0259
weighted_2500_001,NodeSketch,2,8,0.3,0.0,0.001,0.0074,0.024
weighted_2500_001,NodeSketch,2,16,0.3,0.0,0.001,0.0022,0.0071
weighted_2500_001,NodeSketch,2,32,0.3,0.0,0.003,0.001,0.0032
weighted_2500_001,NodeSketch,2,64,0.3,0.0,0.001,0.0008,0.0026
weighted_2500_001,NodeSketch,2,128,0.3,0.0,0.0,0.0009,0.0029
weighted_2500_001,NodeSketch,2,256,0.3,0.0,0.0,0.0009,0.0029
weighted_2500_005,NodeSketch,2,8,0.3,0.0,0.001,0.0047,0.0066
weighted_2500_005,NodeSketch,2,16,0.3,0.0,0.003,0.0048,0.0059
weighted_2500_005,NodeSketch,2,32,0.3,0.0,0.007,0.005,0.0054
weighted_2500_005,NodeSketch,2,64,0.3,0.0,0.001,0.0045,0.0044
weighted_2500_005,NodeSketch,2,128,0.3,0.0,0.002,0.0038,0.0044
weighted_2500_005,NodeSketch,2,256,0.3,0.0,0.002,0.0045,0.0046
weighted_2500_01,NodeSketch,2,8,0.3,0.01,0.017,0.0101,0.0121
weighted_2500_01,NodeSketch,2,16,0.3,0.02,0.015,0.0122,0.0108
weighted_2500_01,NodeSketch,2,32,0.3,0.03,0.014,0.0113,0.0113
weighted_2500_01,NodeSketch,2,64,0.3,0.01,0.006,0.011,0.0106
weighted_2500_01,NodeSketch,2,128,0.3,0.01,0.005,0.011,0.0107
weighted_2500_01,NodeSketch,2,256,0.3,0.01,0.003,0.0091,0.0107
weighted_5000_0005,NodeSketch,2,8,0.3,0.0,0.001,0.0079,0.0127
weighted_5000_0005,NodeSketch,2,16,0.3,0.0,0.001,0.0028,0.0045
weighted_5000_0005,NodeSketch,2,32,0.3,0.0,0.001,0.0025,0.004
weighted_5000_0005,NodeSketch,2,64,0.3,0.0,0.001,0.002,0.0032
weighted_5000_0005,NodeSketch,2,128,0.3,0.0,0.001,0.0016,0.0026
weighted_5000_0005,NodeSketch,2,256,0.3,0.0,0.001,0.0016,0.0026
weighted_5000_001,NodeSketch,2,8,0.3,0.0,0.001,0.0034,0.009
weighted_5000_001,NodeSketch,2,16,0.3,0.0,0.0,0.0016,0.0019
weighted_5000_001,NodeSketch,2,32,0.3,0.0,0.0,0.0013,0.0015
weighted_5000_001,NodeSketch,2,64,0.3,0.0,0.0,0.0013,0.0014
weighted_5000_001,NodeSketch,2,128,0.3,0.0,0.0,0.0013,0.0012
weighted_5000_001,NodeSketch,2,256,0.3,0.0,0.0,0.0012,0.001
weighted_5000_005,NodeSketch,2,8,0.3,0.0,0.003,0.0046,0.0076
weighted_5000_005,NodeSketch,2,16,0.3,0.01,0.004,0.0058,0.0056
weighted_5000_005,NodeSketch,2,32,0.3,0.0,0.004,0.0043,0.005
weighted_5000_005,NodeSketch,2,64,0.3,0.0,0.003,0.006,0.0057
weighted_5000_005,NodeSketch,2,128,0.3,0.0,0.002,0.0041,0.0053
weighted_5000_005,NodeSketch,2,256,0.3,0.0,0.002,0.0037,0.0048
weighted_5000_01,NodeSketch,2,8,0.3,0.01,0.017,0.0124,0.013
weighted_5000_01,NodeSketch,2,16,0.3,0.0,0.011,0.0106,0.0107
weighted_5000_01,NodeSketch,2,32,0.3,0.0,0.008,0.0103,0.0101
weighted_5000_01,NodeSketch,2,64,0.3,0.01,0.008,0.0099,0.0104
weighted_5000_01,NodeSketch,2,128,0.3,0.02,0.007,0.0101,0.0106
weighted_5000_01,NodeSketch,2,256,0.3,0.0,0.008,0.011,0.0105
wiki,NodeSketch,2,8,0.3,0.18,0.049,0.0268,0.0161
wiki,NodeSketch,2,16,0.3,0.17,0.07,0.0529,0.0356
wiki,NodeSketch,2,32,0.3,0.14,0.082,0.0414,0.0275
wiki,NodeSketch,2,64,0.3,0.11,0.045,0.0216,0.0167
wiki,NodeSketch,2,128,0.3,0.09,0.035,0.0195,0.0151
wiki,NodeSketch,2,256,0.3,0.15,0.058,0.0231,0.0146
Homo_sapiens,EdgeSketch,2,8,0.3,1.0,1.0,0.3664,0.0993
Homo_sapiens,EdgeSketch,2,16,0.3,1.0,1.0,0.6665,0.1783
Homo_sapiens,EdgeSketch,2,32,0.3,1.0,1.0,1.0,0.2972
Homo_sapiens,EdgeSketch,2,64,0.3,1.0,1.0,1.0,0.4548
Homo_sapiens,EdgeSketch,2,128,0.3,1.0,1.0,1.0,0.6268
Homo_sapiens,EdgeSketch,2,256,0.3,1.0,1.0,1.0,0.7795
baralb_10000_16,EdgeSketch,2,8,0.3,1.0,1.0,0.9999,0.0962
baralb_10000_16,EdgeSketch,2,16,0.3,1.0,1.0,0.9998,0.18
baralb_10000_16,EdgeSketch,2,32,0.3,1.0,1.0,1.0,0.3161
baralb_10000_16,EdgeSketch,2,64,0.3,1.0,1.0,1.0,0.4936
baralb_10000_16,EdgeSketch,2,128,0.3,1.0,1.0,1.0,0.6693
baralb_10000_16,EdgeSketch,2,256,0.3,1.0,1.0,1.0,0.8096
baralb_10000_2,EdgeSketch,2,8,0.3,1.0,1.0,0.8558,0.4282
baralb_10000_2,EdgeSketch,2,16,0.3,1.0,1.0,1.0,0.6059
baralb_10000_2,EdgeSketch,2,32,0.3,1.0,1.0,1.0,0.7542
baralb_10000_2,EdgeSketch,2,64,0.3,1.0,1.0,1.0,0.859
baralb_10000_2,EdgeSketch,2,128,0.3,1.0,1.0,1.0,0.9224
baralb_10000_2,EdgeSketch,2,256,0.3,1.0,1.0,1.0,0.9606
baralb_10000_8,EdgeSketch,2,8,0.3,1.0,1.0,1.0,0.1723
baralb_10000_8,EdgeSketch,2,16,0.3,1.0,1.0,1.0,0.305
baralb_10000_8,EdgeSketch,2,32,0.3,1.0,1.0,1.0,0.481
baralb_10000_8,EdgeSketch,2,64,0.3,1.0,1.0,1.0,0.6556
baralb_10000_8,EdgeSketch,2,128,0.3,1.0,1.0,1.0,0.7981
baralb_10000_8,EdgeSketch,2,256,0.3,1.0,1.0,1.0,0.8932
baralb_1000_16,EdgeSketch,2,8,0.3,1.0,1.0,0.1763,0.1208
baralb_1000_16,EdgeSketch,2,16,0.3,1.0,1.0,0.3069,0.202
baralb_1000_16,EdgeSketch,2,32,0.3,1.0,1.0,0.5274,0.342
baralb_1000_16,EdgeSketch,2,64,0.3,1.0,1.0,0.8209,0.5267
baralb_1000_16,EdgeSketch,2,128,0.3,1.0,1.0,1.0,0.7058
baralb_1000_16,EdgeSketch,2,256,0.3,1.0,1.0,1.0,0.8449
baralb_1000_2,EdgeSketch,2,8,0.3,1.0,0.859,0.0859,0.4301
baralb_1000_2,EdgeSketch,2,16,0.3,1.0,1.0,0.122,0.6109
baralb_1000_2,EdgeSketch,2,32,0.3,1.0,1.0,0.1523,0.7626
baralb_1000_2,EdgeSketch,2,64,0.3,1.0,1.0,0.1729,0.8658
baralb_1000_2,EdgeSketch,2,128,0.3,1.0,1.0,0.1853,0.9279
baralb_1000_2,EdgeSketch,2,256,0.3,1.0,1.0,0.1938,0.9705
baralb_1000_8,EdgeSketch,2,8,0.3,1.0,1.0,0.1487,0.1872
baralb_1000_8,EdgeSketch,2,16,0.3,1.0,1.0,0.251,0.316
baralb_1000_8,EdgeSketch,2,32,0.3,1.0,1.0,0.394,0.496
baralb_1000_8,EdgeSketch,2,64,0.3,1.0,1.0,0.5418,0.682
baralb_1000_8,EdgeSketch,2,128,0.3,1.0,1.0,0.6577,0.8279
baralb_1000_8,EdgeSketch,2,256,0.3,1.0,1.0,0.7289,0.9175
baralb_2500_16,EdgeSketch,2,8,0.3,1.0,1.0,0.3894,0.1082
baralb_2500_16,EdgeSketch,2,16,0.3,1.0,1.0,0.7367,0.1948
baralb_2500_16,EdgeSketch,2,32,0.3,1.0,1.0,1.0,0.3311
baralb_2500_16,EdgeSketch,2,64,0.3,1.0,1.0,1.0,0.5103
baralb_2500_16,EdgeSketch,2,128,0.3,1.0,1.0,1.0,0.6933
baralb_2500_16,EdgeSketch,2,256,0.3,1.0,1.0,1.0,0.8321
baralb_2500_2,EdgeSketch,2,8,0.3,1.0,1.0,0.2237,0.4477
baralb_2500_2,EdgeSketch,2,16,0.3,1.0,1.0,0.3081,0.6166
baralb_2500_2,EdgeSketch,2,32,0.3,1.0,1.0,0.3831,0.7667
baralb_2500_2,EdgeSketch,2,64,0.3,1.0,1.0,0.435,0.8705
baralb_2500_2,EdgeSketch,2,128,0.3,1.0,1.0,0.4673,0.9352
baralb_2500_2,EdgeSketch,2,256,0.3,1.0,1.0,0.4848,0.9702
baralb_2500_8,EdgeSketch,2,8,0.3,1.0,1.0,0.3478,0.1765
baralb_2500_8,EdgeSketch,2,16,0.3,1.0,1.0,0.6156,0.3105
baralb_2500_8,EdgeSketch,2,32,0.3,1.0,1.0,0.9703,0.4876
baralb_2500_8,EdgeSketch,2,64,0.3,1.0,1.0,1.0,0.6681
baralb_2500_8,EdgeSketch,2,128,0.3,1.0,1.0,1.0,0.8099
baralb_2500_8,EdgeSketch,2,256,0.3,1.0,1.0,1.0,0.9061
baralb_5000_16,EdgeSketch,2,8,0.3,1.0,1.0,0.7523,0.0988
baralb_5000_16,EdgeSketch,2,16,0.3,1.0,1.0,1.0,0.1836
baralb_5000_16,EdgeSketch,2,32,0.3,1.0,1.0,1.0,0.321
baralb_5000_16,EdgeSketch,2,64,0.3,1.0,1.0,1.0,0.4986
baralb_5000_16,EdgeSketch,2,128,0.3,1.0,1.0,1.0,0.6763
baralb_5000_16,EdgeSketch,2,256,0.3,1.0,1.0,1.0,0.8157
baralb_5000_2,EdgeSketch,2,8,0.3,1.0,1.0,0.4289,0.429
baralb_5000_2,EdgeSketch,2,16,0.3,1.0,1.0,0.6107,0.6109
baralb_5000_2,EdgeSketch,2,32,0.3,1.0,1.0,0.7599,0.7601
baralb_5000_2,EdgeSketch,2,64,0.3,1.0,1.0,0.864,0.8643
baralb_5000_2,EdgeSketch,2,128,0.3,1.0,1.0,0.9329,0.9332
baralb_5000_2,EdgeSketch,2,256,0.3,1.0,1.0,0.9696,0.9699
baralb_5000_8,EdgeSketch,2,8,0.3,1.0,1.0,0.6907,0.1743
baralb_5000_8,EdgeSketch,2,16,0.3,1.0,1.0,1.0,0.3063
baralb_5000_8,EdgeSketch,2,32,0.3,1.0,1.0,1.0,0.4806
baralb_5000_8,EdgeSketch,2,64,0.3,1.0,1.0,1.0,0.6621
baralb_5000_8,EdgeSketch,2,128,0.3,1.0,1.0,1.0,0.8048
baralb_5000_8,EdgeSketch,2,256,0.3,1.0,1.0,1.0,0.9
bin_10000_0005,EdgeSketch,2,8,0.3,1.0,1.0,1.0,0.4836
bin_10000_0005,EdgeSketch,2,16,0.3,1.0,1.0,1.0,0.6987
bin_10000_0005,EdgeSketch,2,32,0.3,1.0,1.0,1.0,0.8539
bin_10000_0005,EdgeSketch,2,64,0.3,1.0,1.0,1.0,0.9373
bin_10000_0005,EdgeSketch,2,128,0.3,1.0,1.0,1.0,0.9748
bin_10000_0005,EdgeSketch,2,256,0.3,1.0,1.0,1.0,0.9913
bin_10000_001,EdgeSketch,2,8,0.3,1.0,1.0,1.0,0.311
bin_10000_001,EdgeSketch,2,16,0.3,1.0,1.0,1.0,0.5154
bin_10000_001,EdgeSketch,2,32,0.3,1.0,1.0,1.0,0.7224
bin_10000_001,EdgeSketch,2,64,0.3,1.0,1.0,1.0,0.8657
bin_10000_001,EdgeSketch,2,128,0.3,1.0,1.0,1.0,0.9427
bin_10000_001,EdgeSketch,2,256,0.3,1.0,1.0,1.0,0.9776
bin_10000_005,EdgeSketch,2,8,0.3,1.0,1.0,0.9999,0.0801
bin_10000_005,EdgeSketch,2,16,0.3,1.0,1.0,1.0,0.1509
bin_10000_005,EdgeSketch,2,32,0.3,1.0,1.0,1.0,0.2789
bin_10000_005,EdgeSketch,2,64,0.3,1.0,1.0,1.0,0.4761
bin_10000_005,EdgeSketch,2,128,0.3,1.0,1.0,1.0,0.6877
bin_10000_005,EdgeSketch,2,256,0.3,1.0,1.0,1.0,0.8455
bin_10000_01,EdgeSketch,2,8,0.3,1.0,0.999,0.9999,0.0482
bin_10000_01,EdgeSketch,2,16,0.3,1.0,1.0,0.9999,0.0855
bin_10000_01,EdgeSketch,2,32,0.3,1.0,1.0,0.9999,0.1563
bin_10000_01,EdgeSketch,2,64,0.3,1.0,1.0,1.0,0.2852
bin_10000_01,EdgeSketch,2,128,0.3,1.0,1.0,1.0,0.4823
bin_10000_01,EdgeSketch,2,256,0.3,1.0,1.0,1.0,0.6928
bin_1000_0005,EdgeSketch,2,8,0.3,1.0,0.227,0.0227,0.8664
bin_1000_0005,EdgeSketch,2,16,0.3,1.0,0.251,0.0251,0.958
bin_1000_0005,EdgeSketch,2,32,0.3,1.0,0.256,0.0256,0.9771
bin_1000_0005,EdgeSketch,2,64,0.3,1.0,0.26,0.026,0.9924
bin_1000_0005,EdgeSketch,2,128,0.3,1.0,0.261,0.0261,0.9962
bin_1000_0005,EdgeSketch,2,256,0.3,1.0,0.262,0.0262,1.0
bin_1000_001,EdgeSketch,2,8,0.3,1.0,0.409,0.0409,0.802
bin_1000_001,EdgeSketch,2,16,0.3,1.0,0.476,0.0476,0.9333
bin_1000_001,EdgeSketch,2,32,0.3,1.0,0.497,0.0497,0.9745
bin_1000_001,EdgeSketch,2,64,0.3,1.0,0.503,0.0503,0.9863
bin_1000_001,EdgeSketch,2,128,0.3,1.0,0.51,0.051,1.0
bin_1000_001,EdgeSketch,2,256,0.3,1.0,0.51,0.051,1.0
bin_1000_005,EdgeSketch,2,8,0.3,1.0,1.0,0.1186,0.4841
bin_1000_005,EdgeSketch,2,16,0.3,1.0,1.0,0.1714,0.6996
bin_1000_005,EdgeSketch,2,32,0.3,1.0,1.0,0.2107,0.86
bin_1000_005,EdgeSketch,2,64,0.3,1.0,1.0,0.2316,0.9453
bin_1000_005,EdgeSketch,2,128,0.3,1.0,1.0,0.239,0.9755
bin_1000_005,EdgeSketch,2,256,0.3,1.0,1.0,0.2431,0.9922
bin_1000_01,EdgeSketch,2,8,0.3,1.0,1.0,0.161,0.3211
bin_1000_01,EdgeSketch,2,16,0.3,1.0,1.0,0.2599,0.5183
bin_1000_01,EdgeSketch,2,32,0.3,1.0,1.0,0.3602,0.7184
bin_1000_01,EdgeSketch,2,64,0.3,1.0,1.0,0.4334,0.8644
bin_1000_01,EdgeSketch,2,128,0.3,1.0,1.0,0.4721,0.9416
bin_1000_01,EdgeSketch,2,256,0.3,1.0,1.0,0.4896,0.9765
bin_2500_0005,EdgeSketch,2,8,0.3,1.0,1.0,0.12,0.7995
bin_2500_0005,EdgeSketch,2,16,0.3,1.0,1.0,0.137,0.9127
bin_2500_0005,EdgeSketch,2,32,0.3,1.0,1.0,0.1464,0.9753
bin_2500_0005,EdgeSketch,2,64,0.3,1.0,1.0,0.1489,0.992
bin_2500_0005,EdgeSketch,2,128,0.3,1.0,1.0,0.1497,0.9973
bin_2500_0005,EdgeSketch,2,256,0.3,1.0,1.0,0.15,0.9993
bin_2500_001,EdgeSketch,2,8,0.3,1.0,1.0,0.2023,0.653
bin_2500_001,EdgeSketch,2,16,0.3,1.0,1.0,0.2552,0.8238
bin_2500_001,EdgeSketch,2,32,0.3,1.0,1.0,0.2861,0.9235
bin_2500_001,EdgeSketch,2,64,0.3,1.0,1.0,0.3023,0.9758
bin_2500_001,EdgeSketch,2,128,0.3,1.0,1.0,0.3066,0.9897
bin_2500_001,EdgeSketch,2,256,0.3,1.0,1.0,0.3089,0.9971
bin_2500_005,EdgeSketch,2,8,0.3,1.0,1.0,0.4125,0.2641
bin_2500_005,EdgeSketch,2,16,0.3,1.0,1.0,0.6998,0.4464
bin_2500_005,EdgeSketch,2,32,0.3,1.0,1.0,1.0,0.662
bin_2500_005,EdgeSketch,2,64,0.3,1.0,1.0,1.0,0.8286
bin_2500_005,EdgeSketch,2,128,0.3,1.0,1.0,1.0,0.9275
bin_2500_005,EdgeSketch,2,256,0.3,1.0,1.0,1.0,0.9691
bin_2500_01,EdgeSketch,2,8,0.3,1.0,1.0,0.4594,0.153
bin_2500_01,EdgeSketch,2,16,0.3,1.0,1.0,0.851,0.2774
bin_2500_01,EdgeSketch,2,32,0.3,1.0,1.0,1.0,0.4689
bin_2500_01,EdgeSketch,2,64,0.3,1.0,1.0,1.0,0.6813
bin_2500_01,EdgeSketch,2,128,0.3,1.0,1.0,1.0,0.8411
bin_2500_01,EdgeSketch,2,256,0.3,1.0,1.0,1.0,0.9304
bin_5000_0005,EdgeSketch,2,8,0.3,1.0,1.0,0.411,0.65
bin_5000_0005,EdgeSketch,2,16,0.3,1.0,1.0,0.5221,0.8257
bin_5000_0005,EdgeSketch,2,32,0.3,1.0,1.0,0.5877,0.9295
bin_5000_0005,EdgeSketch,2,64,0.3,1.0,1.0,0.6143,0.9715
bin_5000_0005,EdgeSketch,2,128,0.3,1.0,1.0,0.6265,0.9908
bin_5000_0005,EdgeSketch,2,256,0.3,1.0,1.0,0.6306,0.9973
bin_5000_001,EdgeSketch,2,8,0.3,1.0,1.0,0.6011,0.4766
bin_5000_001,EdgeSketch,2,16,0.3,1.0,1.0,0.8831,0.7003
bin_5000_001,EdgeSketch,2,32,0.3,1.0,1.0,1.0,0.848
bin_5000_001,EdgeSketch,2,64,0.3,1.0,1.0,1.0,0.9358
bin_5000_001,EdgeSketch,2,128,0.3,1.0,1.0,1.0,0.9753
bin_5000_001,EdgeSketch,2,256,0.3,1.0,1.0,1.0,0.9912
bin_5000_005,EdgeSketch,2,8,0.3,1.0,1.0,0.9026,0.1487
bin_5000_005,EdgeSketch,2,16,0.3,1.0,1.0,1.0,0.2748
bin_5000_005,EdgeSketch,2,32,0.3,1.0,1.0,1.0,0.4689
bin_5000_005,EdgeSketch,2,64,0.3,1.0,1.0,1.0,0.6807
bin_5000_005,EdgeSketch,2,128,0.3,1.0,1.0,1.0,0.8399
bin_5000_005,EdgeSketch,2,256,0.3,1.0,1.0,1.0,0.9293
bin_5000_01,EdgeSketch,2,8,0.3,1.0,1.0,0.941,0.0832
bin_5000_01,EdgeSketch,2,16,0.3,1.0,1.0,1.0,0.1532
bin_5000_01,EdgeSketch,2,32,0.3,1.0,1.0,1.0,0.2805
bin_5000_01,EdgeSketch,2,64,0.3,1.0,1.0,1.0,0.4753
bin_5000_01,EdgeSketch,2,128,0.3,1.0,1.0,1.0,0.6863
bin_5000_01,EdgeSketch,2,256,0.3,1.0,1.0,1.0,0.8442
block_1000_2,EdgeSketch,2,8,0.3,1.0,1.0,0.4049,0.2594
block_1000_2,EdgeSketch,2,16,0.3,1.0,1.0,0.5503,0.2684
block_1000_2,EdgeSketch,2,32,0.3,1.0,1.0,0.8416,0.2863
block_1000_2,EdgeSketch,2,64,0.3,1.0,1.0,1.0,0.3216
block_1000_2,EdgeSketch,2,128,0.3,1.0,1.0,1.0,0.3899
block_1000_2,EdgeSketch,2,256,0.3,1.0,1.0,1.0,0.5092
block_1000_4,EdgeSketch,2,8,0.3,1.0,1.0,0.2938,0.1487
block_1000_4,EdgeSketch,2,16,0.3,1.0,1.0,0.4607,0.173
block_1000_4,EdgeSketch,2,32,0.3,1.0,1.0,0.7844,0.2188
block_1000_4,EdgeSketch,2,64,0.3,1.0,1.0,1.0,0.3073
block_1000_4,EdgeSketch,2,128,0.3,1.0,1.0,1.0,0.456
block_1000_4,EdgeSketch,2,256,0.3,1.0,1.0,1.0,0.6455
block_1000_8,EdgeSketch,2,8,0.3,1.0,1.0,0.2412,0.1161
block_1000_8,EdgeSketch,2,16,0.3,1.0,1.0,0.4152,0.1691
block_1000_8,EdgeSketch,2,32,0.3,1.0,1.0,0.736,0.2656
block_1000_8,EdgeSketch,2,64,0.3,1.0,1.0,1.0,0.4262
block_1000_8,EdgeSketch,2,128,0.3,1.0,1.0,1.0,0.6302
block_1000_8,EdgeSketch,2,256,0.3,1.0,1.0,1.0,0.8033
block_2500_2,EdgeSketch,2,8,0.3,1.0,1.0,0.6232,0.2542
block_2500_2,EdgeSketch,2,16,0.3,1.0,1.0,0.9992,0.2578
block_2500_2,EdgeSketch,2,32,0.3,1.0,1.0,1.0,0.265
block_2500_2,EdgeSketch,2,64,0.3,1.0,1.0,1.0,0.279
block_2500_2,EdgeSketch,2,128,0.3,1.0,1.0,1.0,0.3073
block_2500_2,EdgeSketch,2,256,0.3,1.0,1.0,1.0,0.3632
block_2500_4,EdgeSketch,2,8,0.3,1.0,1.0,0.5641,0.1356
block_2500_4,EdgeSketch,2,16,0.3,1.0,1.0,0.9886,0.1451
block_2500_4,EdgeSketch,2,32,0.3,1.0,1.0,0.9999,0.1642
block_2500_4,EdgeSketch,2,64,0.3,1.0,1.0,1.0,0.2013
block_2500_4,EdgeSketch,2,128,0.3,1.0,1.0,1.0,0.2744
block_2500_4,EdgeSketch,2,256,0.3,1.0,1.0,1.0,0.4046
block_2500_8,EdgeSketch,2,8,0.3,1.0,1.0,0.5269,0.086
block_2500_8,EdgeSketch,2,16,0.3,1.0,1.0,0.9739,0.1071
block_2500_8,EdgeSketch,2,32,0.3,1.0,1.0,1.0,0.1491
block_2500_8,EdgeSketch,2,64,0.3,1.0,1.0,1.0,0.2302
block_2500_8,EdgeSketch,2,128,0.3,1.0,1.0,1.0,0.3717
block_2500_8,EdgeSketch,2,256,0.3,1.0,1.0,1.0,0.569
block_5000_2,EdgeSketch,2,8,0.3,1.0,1.0,0.9995,0.2526
block_5000_2,EdgeSketch,2,16,0.3,1.0,1.0,0.9999,0.2544
block_5000_2,EdgeSketch,2,32,0.3,1.0,1.0,1.0,0.2579
block_5000_2,EdgeSketch,2,64,0.3,1.0,1.0,1.0,0.265
block_5000_2,EdgeSketch,2,128,0.3,1.0,1.0,1.0,0.2793
block_5000_2,EdgeSketch,2,256,0.3,1.0,1.0,1.0,0.3077
block_5000_4,EdgeSketch,2,8,0.3,1.0,1.0,0.9902,0.1305
block_5000_4,EdgeSketch,2,16,0.3,1.0,1.0,0.9998,0.1354
block_5000_4,EdgeSketch,2,32,0.3,1.0,1.0,1.0,0.145
block_5000_4,EdgeSketch,2,64,0.3,1.0,1.0,0.9999,0.1642
block_5000_4,EdgeSketch,2,128,0.3,1.0,1.0,1.0,0.2021
block_5000_4,EdgeSketch,2,256,0.3,1.0,1.0,1.0,0.2752
block_5000_8,EdgeSketch,2,8,0.3,1.0,0.999,0.9984,0.0746
block_5000_8,EdgeSketch,2,16,0.3,1.0,1.0,0.9997,0.0855
block_5000_8,EdgeSketch,2,32,0.3,1.0,1.0,1.0,0.1072
block_5000_8,EdgeSketch,2,64,0.3,1.0,1.0,1.0,0.1492
block_5000_8,EdgeSketch,2,128,0.3,1.0,1.0,1.0,0.2309
block_5000_8,EdgeSketch,2,256,0.3,1.0,1.0,1.0,0.3741
blogcatalog,EdgeSketch,2,8,0.3,1.0,1.0,0.6228,0.0298
blogcatalog,EdgeSketch,2,16,0.3,1.0,1.0,0.9998,0.0474
blogcatalog,EdgeSketch,2,32,0.3,1.0,1.0,0.9998,0.0805
blogcatalog,EdgeSketch,2,64,0.3,1.0,1.0,1.0,0.138
blogcatalog,EdgeSketch,2,128,0.3,1.0,1.0,1.0,0.2302
blogcatalog,EdgeSketch,2,256,0.3,1.0,1.0,1.0,0.3609
dblp,EdgeSketch,2,8,0.3,1.0,1.0,1.0,0.3839
dblp,EdgeSketch,2,16,0.3,1.0,1.0,1.0,0.5737
dblp,EdgeSketch,2,32,0.3,1.0,1.0,1.0,0.7481
dblp,EdgeSketch,2,64,0.3,1.0,1.0,1.0,0.87
dblp,EdgeSketch,2,128,0.3,1.0,1.0,1.0,0.9421
dblp,EdgeSketch,2,256,0.3,1.0,1.0,1.0,0.9757
weighted_10000_0005,EdgeSketch,2,8,0.3,1.0,1.0,1.0,0.4908
weighted_10000_0005,EdgeSketch,2,16,0.3,1.0,1.0,1.0,0.663
weighted_10000_0005,EdgeSketch,2,32,0.3,1.0,1.0,1.0,0.7899
weighted_10000_0005,EdgeSketch,2,64,0.3,1.0,1.0,1.0,0.8717
weighted_10000_0005,EdgeSketch,2,128,0.3,1.0,1.0,1.0,0.9252
weighted_10000_0005,EdgeSketch,2,256,0.3,1.0,1.0,1.0,0.9583
weighted_10000_001,EdgeSketch,2,8,0.3,1.0,1.0,1.0,0.3169
weighted_10000_001,EdgeSketch,2,16,0.3,1.0,1.0,1.0,0.4964
weighted_10000_001,EdgeSketch,2,32,0.3,1.0,1.0,1.0,0.6678
weighted_10000_001,EdgeSketch,2,64,0.3,1.0,1.0,1.0,0.7965
weighted_10000_001,EdgeSketch,2,128,0.3,1.0,1.0,1.0,0.8768
weighted_10000_001,EdgeSketch,2,256,0.3,1.0,1.0,1.0,0.9287
weighted_10000_005,EdgeSketch,2,8,0.3,1.0,1.0,1.0,0.0811
weighted_10000_005,EdgeSketch,2,16,0.3,1.0,1.0,1.0,0.151
weighted_10000_005,EdgeSketch,2,32,0.3,1.0,1.0,1.0,0.2736
weighted_10000_005,EdgeSketch,2,64,0.3,1.0,1.0,1.0,0.4478
weighted_10000_005,EdgeSketch,2,128,0.3,1.0,1.0,1.0,0.6299
weighted_10000_005,EdgeSketch,2,256,0.3,1.0,1.0,1.0,0.771
weighted_10000_01,EdgeSketch,2,8,0.3,1.0,1.0,1.0,0.0487
weighted_10000_01,EdgeSketch,2,16,0.3,1.0,1.0,1.0,0.0858
weighted_10000_01,EdgeSketch,2,32,0.3,1.0,1.0,1.0,0.1558
weighted_10000_01,EdgeSketch,2,64,0.3,1.0,1.0,1.0,0.279
weighted_10000_01,EdgeSketch,2,128,0.3,1.0,1.0,1.0,0.4532
weighted_10000_01,EdgeSketch,2,256,0.3,1.0,1.0,1.0,0.6331
weighted_1000_0005,EdgeSketch,2,8,0.3,1.0,0.215,0.0215,0.911
weighted_1000_0005,EdgeSketch,2,16,0.3,1.0,0.232,0.0232,0.9831
weighted_1000_0005,EdgeSketch,2,32,0.3,1.0,0.233,0.0233,0.9873
weighted_1000_0005,EdgeSketch,2,64,0.3,1.0,0.234,0.0234,0.9915
weighted_1000_0005,EdgeSketch,2,128,0.3,1.0,0.236,0.0236,1.0
weighted_1000_0005,EdgeSketch,2,256,0.3,1.0,0.236,0.0236,1.0
weighted_1000_001,EdgeSketch,2,8,0.3,1.0,0.414,0.0414,0.8571
weighted_1000_001,EdgeSketch,2,16,0.3,1.0,0.44,0.044,0.911
weighted_1000_001,EdgeSketch,2,32,0.3,1.0,0.458,0.0458,0.9482
weighted_1000_001,EdgeSketch,2,64,0.3,1.0,0.471,0.0471,0.9752
weighted_1000_001,EdgeSketch,2,128,0.3,1.0,0.476,0.0476,0.9855
weighted_1000_001,EdgeSketch,2,256,0.3,1.0,0.477,0.0477,0.9876
weighted_1000_005,EdgeSketch,2,8,0.3,1.0,1.0,0.126,0.4937
weighted_1000_005,EdgeSketch,2,16,0.3,1.0,1.0,0.1706,0.6685
weighted_1000_005,EdgeSketch,2,32,0.3,1.0,1.0,0.202,0.7915
weighted_1000_005,EdgeSketch,2,64,0.3,1.0,1.0,0.2248,0.8809
weighted_1000_005,EdgeSketch,2,128,0.3,1.0,1.0,0.2373,0.9299
weighted_1000_005,EdgeSketch,2,256,0.3,1.0,1.0,0.2458,0.9632
weighted_1000_01,EdgeSketch,2,8,0.3,1.0,1.0,0.1627,0.3233
weighted_1000_01,EdgeSketch,2,16,0.3,1.0,1.0,0.252,0.5008
weighted_1000_01,EdgeSketch,2,32,0.3,1.0,1.0,0.3362,0.6681
weighted_1000_01,EdgeSketch,2,64,0.3,1.0,1.0,0.4006,0.7961
weighted_1000_01,EdgeSketch,2,128,0.3,1.0,1.0,0.4408,0.876
weighted_1000_01,EdgeSketch,2,256,0.3,1.0,1.0,0.4668,0.9277
weighted_2500_0005,EdgeSketch,2,8,0.3,1.0,1.0,0.1255,0.8123
weighted_2500_0005,EdgeSketch,2,16,0.3,1.0,1.0,0.137,0.8867
weighted_2500_0005,EdgeSketch,2,32,0.3,1.0,1.0,0.1451,0.9392
weighted_2500_0005,EdgeSketch,2,64,0.3,1.0,1.0,0.1493,0.9663
weighted_2500_0005,EdgeSketch,2,128,0.3,1.0,1.0,0.152,0.9838
weighted_2500_0005,EdgeSketch,2,256,0.3,1.0,1.0,0.1533,0.9922
weighted_2500_001,EdgeSketch,2,8,0.3,1.0,1.0,0.2092,0.6788
weighted_2500_001,EdgeSketch,2,16,0.3,1.0,1.0,0.2497,0.8102
weighted_2500_001,EdgeSketch,2,32,0.3,1.0,1.0,0.2726,0.8845
weighted_2500_001,EdgeSketch,2,64,0.3,1.0,1.0,0.2872,0.9319
weighted_2500_001,EdgeSketch,2,128,0.3,1.0,1.0,0.2968,0.963
weighted_2500_001,EdgeSketch,2,256,0.3,1.0,1.0,0.3031,0.9835
weighted_2500_005,EdgeSketch,2,8,0.3,1.0,1.0,0.4174,0.2654
weighted_2500_005,EdgeSketch,2,16,0.3,1.0,1.0,0.6957,0.4411
weighted_2500_005,EdgeSketch,2,32,0.3,1.0,1.0,0.9741,0.617
weighted_2500_005,EdgeSketch,2,64,0.3,1.0,1.0,1.0,0.7603
weighted_2500_005,EdgeSketch,2,128,0.3,1.0,1.0,1.0,0.8552
weighted_2500_005,EdgeSketch,2,256,0.3,1.0,1.0,1.0,0.915
weighted_2500_01,EdgeSketch,2,8,0.3,1.0,1.0,0.4583,0.1534
weighted_2500_01,EdgeSketch,2,16,0.3,1.0,1.0,0.8363,0.2742
weighted_2500_01,EdgeSketch,2,32,0.3,1.0,1.0,1.0,0.4473
weighted_2500_01,EdgeSketch,2,64,0.3,1.0,1.0,1.0,0.6207
weighted_2500_01,EdgeSketch,2,128,0.3,1.0,1.0,1.0,0.7641
weighted_2500_01,EdgeSketch,2,256,0.3,1.0,1.0,1.0,0.8562
weighted_5000_0005,EdgeSketch,2,8,0.3,1.0,1.0,0.4246,0.6832
weighted_5000_0005,EdgeSketch,2,16,0.3,1.0,1.0,0.5017,0.8072
weighted_5000_0005,EdgeSketch,2,32,0.3,1.0,1.0,0.5539,0.8912
weighted_5000_0005,EdgeSketch,2,64,0.3,1.0,1.0,0.5852,0.9416
weighted_5000_0005,EdgeSketch,2,128,0.3,1.0,1.0,0.6022,0.9689
weighted_5000_0005,EdgeSketch,2,256,0.3,1.0,1.0,0.6112,0.9834
weighted_5000_001,EdgeSketch,2,8,0.3,1.0,1.0,0.6199,0.5002
weighted_5000_001,EdgeSketch,2,16,0.3,1.0,1.0,0.8363,0.6748
weighted_5000_001,EdgeSketch,2,32,0.3,1.0,1.0,0.9868,0.7961
weighted_5000_001,EdgeSketch,2,64,0.3,1.0,1.0,1.0,0.8743
weighted_5000_001,EdgeSketch,2,128,0.3,1.0,1.0,1.0,0.9253
weighted_5000_001,EdgeSketch,2,256,0.3,1.0,1.0,1.0,0.9585
weighted_5000_005,EdgeSketch,2,8,0.3,1.0,1.0,0.9162,0.1498
weighted_5000_005,EdgeSketch,2,16,0.3,1.0,1.0,1.0,0.2707
weighted_5000_005,EdgeSketch,2,32,0.3,1.0,1.0,1.0,0.4419
weighted_5000_005,EdgeSketch,2,64,0.3,1.0,1.0,1.0,0.6248
weighted_5000_005,EdgeSketch,2,128,0.3,1.0,1.0,1.0,0.7677
weighted_5000_005,EdgeSketch,2,256,0.3,1.0,1.0,1.0,0.8611
weighted_5000_01,EdgeSketch,2,8,0.3,1.0,1.0,0.9612,0.0853
weighted_5000_01,EdgeSketch,2,16,0.3,1.0,1.0,1.0,0.1535
weighted_5000_01,EdgeSketch,2,32,0.3,1.0,1.0,1.0,0.2745
weighted_5000_01,EdgeSketch,2,64,0.3,1.0,1.0,1.0,0.4492
weighted_5000_01,EdgeSketch,2,128,0.3,1.0,1.0,1.0,0.6305
weighted_5000_01,EdgeSketch,2,256,0.3,1.0,1.0,1.0,0.7728
wiki,EdgeSketch,2,8,0.3,0.87,0.753,0.5171,0.1464
wiki,EdgeSketch,2,16,0.3,0.99,0.834,0.6038,0.1601
wiki,EdgeSketch,2,32,0.3,1.0,0.85,0.6675,0.1821
wiki,EdgeSketch,2,64,0.3,1.0,0.885,0.6887,0.2124
wiki,EdgeSketch,2,128,0.3,1.0,0.906,0.693,0.2499
wiki,EdgeSketch,2,256,0.3,1.0,0.909,0.6954,0.2917
